{
    "old_framerate":30,
    "new_framerate":2.5,
    "digit_number":2,
    "scenes":[
       
        "deathCircle0", 
        "deathCircle1",         
        "deathCircle2", 
        "deathCircle3", 
        "deathCircle4", 
        "gates1",         
        "gates3", 
        "gates4", 
        "gates5",                           
        "little0", 
        "little1", 
        "little3"
    ],
    "pixel_meter_ratios" :{
        "gates3": 0.03451552014799965,
        "nexus5": 0.04539579614704348 , 
        "nexus2": 0.0422475284110716  ,
        "nexus0": 0.04398672765094305  ,
        "nexus8": 0.03710618539305503  ,
        "gates2": 0.037273148932529955  ,
        "bookstore0": 0.03839221937695386,  
        "gates4": 0.04412270398344871,
        "hyang3": 0.056642788890100236,  
        "quad0": 0.043606480995990786  ,
        "little1": 0.028543001718203717 , 
        "gates8": 0.04519166791785164,
        "gates1": 0.03770843227414929,
        "gates0": 0.03976979689096945,
        "gates6": 0.034239122088385344,
        "coupa1": 0.023224935729600327,
        "little0": 0.02893050511914739,
        "quad2": 0.04333804550580657,
        "hyang9": 0.0380369623655914,
        "quad3": 0.044396330353475164,
        "little3": 0.0286390330645745,
        "bookstore2": 0.04062413814886112,
        "quad1": 0.042530291144897356,
        "hyang5": 0.029655451461705028,
        "nexus7":  0.03710598693150539,
        "nexus9": 0.04491778923883191,
        "deathCircle2": 0.03948339355717032,
        "hyang8":  0.034592354811462826,
        "nexus4": 0.045883695371472494,
        "gates7":  0.04540356670925499,
        "hyang6": 0.05293681903126724,
        "nexus1": 0.04331691171516032,
        "hyang0": 0.03475000066158219,
        "nexus6": 0.03792871283551412,
        "deathCircle1": 0.03907717155954873,
        "bookstore3": 0.03909901317484351,
        "coupa3": 0.02552488677273923,
        "bookstore1": 0.03989267571602076,
        "hyang4": 0.03426572581942166,
        "deathCircle0": 0.04063972028155109,
        "hyang1": 0.05499218386834834,
        "hyang7": 0.03540146308515854,
        "deathCircle3": 0.02847812514990737,
        "little2": 0.028543529556248295,
        "gates5": 0.034239280481315214,
        "nexus3": 0.04588439579240605,
        "deathCircle4": 0.0389800771352891,
        "coupa0": 0.02799603987136187
      }
      
}